"FSC-A:FSC-A","SSC-A:SSC-A","CD45RA:CD45RA","CD154:CD154","CD25:CD25","TCRab:TCRab","CXCR3:CXCR3","HLA-DR:HLA-DR","CD137:CD137","CCR6:CCR6","AQUA-CD14-CD19:AQUA-CD14-CD19","CD4:CD4","CD38:CD38","CD3:CD3","CD69:CD69","CD8:CD8","CD127:CD127","FOXP3:FOXP3","GATA3:GATA3","GZMB:GZMB","IFNG:IFNG","IL13:IL13","IL17A:IL17A","IL2:IL2","IL21:IL21","IL4:IL4","IL5:IL5","PERF:PERF","RORC:RORC","RUNX1:RUNX1","RUNX3:RUNX3","TBET:TBET","TGFB:TGFB","TNF:TNF","if_cloned:if_cloned","cell_index:cell_index"
103406,69698,1924,22474,1759,4215,1774,4113,1564,2472,1770,10258,1689,8681,16378,1426,3860,1179,1179,1582,1308,1179,1179,1297,1179,1179,1179,1179,1621,1179,1396,1179,1185,1582,1180,3663
80850,54962,1958,16259,1750,8432,1642,2769,1623,1939,1835,8110,1747,11463,17908,1392,2731,1179,1180,1179,1359,1179,1179,1333,1179,1179,1179,1179,1179,1179,1179,1179,1960,1690,1180,3664
91974,51857,2569,2369,3218,2792,2466,1747,2817,1899,1398,5936,1335,3693,5348,1313,1584,1179,1179,1398,1179,1179,1179,1179,1179,1179,1179,1447,1179,1179,1179,1464,1207,1470,1179,3665
89781,56068,1989,5327,2010,2504,1587,4641,2003,2104,1494,4115,1564,3373,11381,1311,3234,1179,1179,1179,1235,1422,1179,1211,1179,1489,1179,1457,1421,1179,1822,1179,1179,1450,1180,3666
78044,69140,1334,9085,2284,3329,2183,2082,1267,2655,1537,10206,1630,9484,5546,1399,2735,1179,1179,1544,1296,1528,1179,1276,1179,1179,1179,1179,1179,1179,1179,1179,1179,1524,1179,3667
95405,53214,1429,5872,2119,3778,2008,2315,2167,2266,1319,13096,1269,9801,8108,1319,906,1179,1180,1179,1562,1179,1179,1179,1179,1179,1179,1179,2285,1179,1179,1184,1646,2269,1179,3668
95604,50141,9710,9575,1677,5471,2004,2048,1177,1761,1401,6604,1154,6852,4847,1388,2069,1179,1179,1577,1336,1179,1179,1179,1179,1179,1179,1625,1712,1179,1179,1179,1179,1669,1180,3669
91533,64786,1637,5335,3300,7415,3068,1524,1775,3090,1734,17895,1874,11995,6815,1376,3425,1179,1179,1179,1297,1179,1179,1268,1179,1179,1179,1179,1674,1179,1885,1507,1179,1556,1179,3670
106758,53702,2066,9325,1308,2675,1662,3219,1939,2419,1483,7247,1556,4319,13473,1358,1588,1179,1179,1431,1301,1581,1179,1179,1179,1179,1179,1513,1200,1625,1179,1179,1179,1538,1180,3671
86748,61968,1913,19659,1404,5127,1643,2213,1630,2243,1323,6701,1226,7108,10208,1323,1297,1179,1179,1715,1383,1179,1179,1389,1179,1179,1179,1179,1938,1827,1180,1180,1199,1860,1179,3672
68946,36787,7352,4527,1300,7794,1597,1663,1644,1453,1388,10239,2693,8847,3929,1273,1665,1179,1179,1179,1179,1179,1179,1179,1179,1179,1179,1179,1179,1179,1179,1179,1179,1181,1179,3673
93754,51410,1581,28627,1339,4170,2050,1844,1190,2460,1458,7112,1866,6673,8084,1332,2665,1179,1179,1179,1295,1179,1179,1179,1179,1179,1179,1179,1179,1179,1179,1507,1480,1499,1179,3674
104580,50555,1675,3034,1199,8694,2126,1741,1036,2048,1510,11480,1547,11677,3787,1288,3388,1179,1179,1179,1179,1179,1179,1179,1179,1179,1179,1179,1794,1179,1179,1179,1424,1179,1179,3675
85816,41898,1409,4828,3234,5233,1241,1249,1630,1700,1487,11045,1918,8390,3895,1334,2448,1179,1179,1179,1179,1179,1179,1179,1179,1179,1179,1179,1179,1179,1179,1281,1720,1504,1179,3676
81683,69987,1500,16130,2497,2492,1550,2888,782,1512,1559,11801,1452,4674,5642,1397,1773,1179,1179,1475,1284,1179,1179,1179,1179,1179,1179,1179,1533,1179,1179,1565,1607,1465,1180,3677
86198,44557,4225,2910,1638,14449,1289,1355,603,1333,1312,13425,1866,16367,4230,1377,3418,1179,1179,1179,1179,1179,1179,1179,1179,1179,1179,1179,1179,1832,1179,1179,1180,1754,1179,3678
97699,58947,1453,3456,2258,12898,1681,1123,1249,1442,1549,16230,1969,18235,3353,1311,2540,1179,1179,1179,1179,1179,1179,1179,1179,1179,1179,1179,1179,1179,1179,1862,1189,1179,1179,3679
89584,54279,1284,1317,10052,10986,1284,3163,3241,1481,1360,12030,1215,12582,3651,1284,1075,2827,2690,1179,1179,1179,1179,1179,1179,1179,1179,1179,1179,2129,1179,1256,1179,1180,1179,3680
103901,90603,1496,3159,2616,7938,1573,1200,1084,5911,1461,18523,1337,11686,3894,1355,3061,1179,1179,1179,1179,1179,1179,1179,1179,1179,1179,1179,1180,1660,1179,1179,1859,1180,1179,3681
85391,61631,1659,6313,1693,3502,2371,2612,1224,2294,1513,9302,1317,7448,6610,1333,2637,1179,1179,1179,1367,1179,1179,1330,1179,1179,1179,1179,1827,1179,1179,1179,1213,1845,1179,3682
96784,64954,2765,2560,2743,11539,2401,1520,2752,2428,1508,15003,1466,15191,10927,1381,2927,1179,1179,1179,1179,1179,1179,1179,1179,1179,1179,1179,1179,1179,1179,1374,1797,1179,1179,3683
73472,50046,1369,14775,1869,3086,2050,1850,1470,2165,1441,7859,1478,5667,18704,1405,4272,1179,1179,1179,1504,1179,1179,1519,1179,1179,1179,1179,1994,1179,1179,1906,1179,2001,1180,3684
96135,60220,1543,10075,1211,7238,1662,2163,1102,2217,1456,12933,1399,12051,3338,1354,2471,1179,1179,1179,1316,1179,1179,1320,1179,1179,1179,1604,1179,1179,1179,1179,1597,1633,1179,3685
91224,69691,1556,10001,1188,7385,1360,2749,1341,2652,1504,11804,1420,9442,7496,1376,1745,1179,1179,1604,1344,1702,1179,1179,1179,1179,1179,1628,1656,1179,1179,1179,1179,1697,1180,3686
88048,55581,1742,10299,2831,3005,1658,2115,2080,1617,1451,10082,1493,5747,15134,1473,2592,1179,1179,1179,1307,1179,1179,1288,1179,1179,1179,1179,1562,1179,1179,1565,1504,1540,1180,3687
74940,55888,1599,11416,1431,4722,2433,2755,1033,1483,1473,9160,1825,6010,10610,1384,2652,1179,1609,1179,1289,1179,1179,1179,1179,1179,1179,1179,1565,1197,1884,1179,1630,1618,1180,3688
98130,42831,1966,4934,1673,5406,4652,2460,1984,1974,1663,8978,2287,7681,6121,1297,4560,1179,1179,1179,1179,1179,1179,1179,1179,1179,1179,1179,1653,1179,1179,1228,1572,1549,1179,3689
76755,56849,1554,17193,1164,5041,2231,2254,941,1940,1470,9656,1550,8206,10330,1441,2281,1179,1179,1179,1388,1179,1179,1179,1179,1179,1179,1179,2013,1179,1179,1871,1179,1946,1180,3690
87542,56330,1668,14282,1129,4749,1593,3118,1158,2256,1717,7981,1595,6116,9928,1339,3794,1179,1179,1179,1326,1179,1179,1179,1179,1179,1179,1627,1179,1179,1179,1179,1179,1668,1179,3691
89706,64029,1817,19092,2959,6013,1846,1445,1959,2438,1533,9876,1521,7822,21637,1468,2631,1179,1179,1179,1550,1179,1179,1528,1179,1179,1179,1179,2430,1179,1179,1179,1179,2281,1179,3692
102781,76245,1609,2918,2864,3125,1537,13831,1621,1637,1698,11593,1607,4433,7220,1346,2758,1179,1200,1525,1179,1620,1179,1179,1179,1568,1179,1179,1179,1179,1179,1179,1201,1665,1179,3693
87321,56947,1659,14301,3059,5547,1745,6284,1273,1913,1711,10076,1654,8475,17684,1450,3018,1179,1179,1616,1335,1179,1179,1308,1179,1179,1179,1179,1766,1414,1179,1179,1183,1698,1180,3694
87256,63705,2257,5477,1458,5368,2159,2011,1437,1759,1509,9283,1518,6484,8858,1293,4383,1179,1179,1179,1290,1179,1179,1179,1179,1179,1179,1179,1179,1179,1179,1462,1538,1390,1180,3695
93804,66589,1370,24362,2594,6770,1999,3042,1453,1964,1525,9736,1253,10250,7789,1361,1415,1179,1179,1179,1179,1179,1179,1420,1179,1179,1179,1179,1179,1750,1179,1179,1856,1635,1179,3696
75975,39093,2875,3370,1625,10681,1143,1017,1074,1304,1188,11382,1622,12607,3581,1223,1925,1179,1179,1179,1179,1179,1180,1179,1179,1179,1179,1179,1179,1179,1179,1179,2015,1179,1179,3697
94065,73194,1491,24156,2313,3189,1637,4286,1536,2360,1534,7625,1444,5627,8914,1416,1712,1179,1179,1734,1401,1179,1179,1415,1179,1179,1179,1179,2007,1179,1179,1179,1179,1854,1180,3698
85147,49404,3482,6362,1338,5553,2057,2338,1074,2125,1545,8751,1472,8316,4121,1376,2555,1179,1179,1179,1321,1179,1179,1179,1179,1179,1179,1233,1696,1778,1180,1179,1732,1705,1179,3699
97531,70095,2558,17752,2298,5190,2313,3415,1016,2251,1650,9765,2180,7353,11332,1364,3266,1179,1179,1179,1425,1179,1179,1346,1179,1179,1179,1179,1988,1179,1179,1179,1179,1746,1179,3700
86331,66343,1486,16829,1345,4304,1720,2972,1179,1922,1635,6186,2176,6550,14139,1409,2251,1179,1179,1179,1361,1179,1179,1312,1179,1179,1179,1179,1756,1179,1179,1179,1655,1680,1180,3701
83716,72757,1356,6833,1253,4166,1934,10994,1006,1488,1402,6264,4864,6123,3341,1343,1632,1179,1179,1879,1477,1179,1179,1179,1179,1179,1179,1902,1179,1179,1179,1179,1180,1179,1179,3702
94877,53514,1367,3348,2788,9661,2347,1745,1202,1609,1552,12750,1875,12541,11940,1322,3975,1179,1179,1179,1179,1179,1179,1179,1179,1179,1179,1179,1179,1179,1987,1726,1179,1179,1179,3703
89357,69670,1662,13015,2497,2950,2031,3227,2250,2801,1787,9872,1745,4932,14915,1474,2669,1179,1179,1718,1455,1179,1179,1185,1179,1179,1179,2090,2165,1179,1179,1179,1179,2211,1180,3704
77217,54398,1263,4472,1557,5229,1198,2293,1062,1402,1327,7915,1387,6283,3702,1328,1265,1179,1789,1742,1179,1179,1179,1180,1179,1179,1179,1179,1182,1570,1772,1179,1258,1180,1179,3705
79857,80188,1765,17144,1210,5365,2092,3357,1179,2882,1705,8490,1763,7328,5804,1345,2341,1179,1179,1891,1358,1179,1179,1320,1179,1179,1179,1910,1952,1179,1180,1179,1179,1864,1180,3706
95667,68480,2518,3490,2203,9556,1383,1671,823,1480,1441,16307,1550,12697,3672,1426,2065,1179,1337,1179,1180,1323,1179,1179,1179,1179,1179,1450,1179,1179,1613,1179,1486,1480,1179,3707
90707,64091,1610,17119,1560,2687,1778,3188,1672,2550,1641,5648,1687,3233,14440,1398,3227,1179,1179,1179,1442,1932,1179,1446,1179,1179,1179,1179,1939,1179,1179,1180,1179,1933,1180,3708
90140,52017,1520,2815,1997,9903,1259,1454,1889,1651,1310,10702,1682,14342,3266,1342,1713,1179,1179,1179,1179,1179,1179,1179,1179,1179,1179,1179,1180,1179,1179,1179,1931,1708,1179,3709
77155,60273,1589,6487,1251,5149,1792,1536,1292,1665,1517,8842,1658,7308,3857,1287,1551,1179,1179,1179,1331,1179,1179,1314,1179,1179,1179,1179,1179,1179,2041,1179,1179,1708,1180,3710
83001,39202,1348,3294,5055,4595,1209,880,1402,2723,1231,6658,1407,7156,3872,1369,2632,1179,1179,1485,1179,1179,1179,1179,1179,1179,1179,1179,1179,1179,1179,1179,1222,1179,1179,3711
93829,71409,4007,15360,2657,4447,2435,3392,1449,1486,1662,12160,1489,7690,6236,1365,2163,1179,1179,1179,1251,1500,1179,1255,1179,1500,1179,1411,1279,1179,1179,1499,1179,1431,1180,3712
103204,48116,1346,3343,2559,8528,1415,1344,1634,3465,1476,14248,1645,14011,13288,1505,2250,1649,1179,1179,1179,1179,1179,1179,1179,1179,1179,1179,1179,1179,1179,1179,1179,1463,1179,3713
85227,40216,4961,8053,2246,6121,1308,1401,1698,1523,1422,7447,2147,6697,20065,1397,2360,1179,1179,1179,1179,1179,1179,1332,1179,1179,1179,1180,1179,1490,1179,1184,1808,1765,1179,3714
92411,61635,1859,16210,2172,2950,2309,2361,1256,2492,1559,5449,1641,4375,10278,1445,3513,1179,1179,1761,1339,1803,1179,1180,1179,1179,1179,1179,1936,1179,1179,1179,1179,1867,1180,3715
80758,52321,1363,4590,3128,7217,1601,1633,1815,1568,1467,11344,1682,11718,14891,1394,2342,1179,1179,1179,1179,1179,1179,1747,1179,1179,1179,1179,1182,1179,1179,1205,1179,2177,1179,3716
89142,70223,2266,21834,1995,5974,2093,1928,1397,2275,1623,7559,1912,7013,8789,1300,2720,1179,1179,1179,1180,1179,1179,1198,1179,1179,1179,1179,1525,1179,1825,1575,1179,1548,1180,3717
88794,69458,1504,18229,1880,2442,2216,3123,1311,3417,1633,9083,1491,6395,6249,1282,2529,1179,1179,1179,1358,1179,1179,1254,1179,1179,1179,1698,1861,1183,1179,1179,1182,1775,1179,3718
96257,57711,1518,2787,2063,8403,1573,3468,724,4403,1695,16303,1536,15679,12083,1353,2965,1179,1179,1180,1179,1179,1179,1179,1179,1179,1179,1180,1179,1179,1179,1179,1619,1491,1179,3719
87313,58910,2711,15507,1481,3697,3075,1902,1159,2505,1378,6371,1392,4943,8608,1331,2271,1179,1179,1746,1428,1179,1179,1179,1179,1179,1179,1179,1710,1865,1179,1179,1789,1179,1180,3720
80485,54006,2049,7063,2028,2455,2906,2247,1796,2798,1508,7410,1555,4836,8456,1382,2965,1179,1179,1332,1310,1179,1179,1179,1179,1179,1179,1674,1731,1377,1179,1253,1179,1706,1179,3721
84836,55438,1263,21183,1878,3402,1413,2516,1255,1487,1334,7388,1363,5301,15022,1436,2496,1179,1179,1179,1498,1179,1179,1277,1179,1179,1179,1179,1179,1179,1179,1179,1179,1179,1179,3722
99916,46629,1409,4348,2118,3609,2046,2468,1513,2815,1565,10933,1671,4553,5404,1348,2845,1179,1179,1408,1179,1179,1179,1179,1179,1179,1179,1179,1179,1179,1620,1179,1444,1548,1179,3723
73787,43566,1287,1389,8485,6050,1504,2402,2753,1999,1428,8313,1581,8861,3731,1282,1287,1677,1179,1179,1179,1179,1179,1179,1179,1179,1179,1179,1810,1179,1179,1653,1179,1179,1179,3724
86949,44403,1675,7434,2619,4259,2065,2815,1194,1995,1595,7806,1831,5202,12022,1386,2971,1179,1179,1521,1332,1179,1179,1309,1179,1179,1179,1179,1179,1179,1179,1179,1179,1513,1180,3725
87832,47765,1815,5675,1401,5965,2245,3164,1541,2347,1675,9018,1551,7032,8127,1345,2591,1934,1179,1797,1340,1179,1179,1179,1179,1179,1179,1179,1823,1179,1179,1815,1179,1795,1179,3726
83041,60182,1483,2962,1201,8125,1379,1613,1441,1270,1500,13446,1558,11593,6867,1325,3358,1179,1179,1179,1179,1179,1179,1179,1179,1179,1179,1179,1179,1179,1179,1179,1242,1179,1179,3727
81966,42894,1503,5313,1975,7257,1376,2169,2227,3635,1499,8307,1566,11338,7866,1393,2299,1179,1179,1179,1179,1179,1179,1180,1179,1179,1179,1179,1180,1179,1179,1179,1179,2757,1179,3728
94974,64911,1535,13310,1724,3412,1956,3599,1402,1726,1579,10790,1790,5483,9195,1316,1914,1179,1179,1179,1321,1692,1179,1297,1179,1179,1179,1179,1808,1179,1231,1179,1179,1728,1179,3729
79208,43977,1448,4849,1000,1875,1206,1599,1249,1812,1336,6935,1604,4723,7708,1304,2479,1179,1179,1179,1414,1179,1179,1381,1179,1179,1179,1179,2049,1179,1179,1179,1179,1765,1179,3730
94429,59576,1653,24514,1861,9148,2133,4044,1363,2294,1818,9809,1539,12476,9201,1404,1682,1179,1179,1179,1179,1179,1179,1314,1179,1179,1179,1180,1179,1179,1179,1633,1698,1538,1180,3731
87160,49485,1369,14121,3044,4511,1958,3381,1225,1759,1473,7307,1433,5984,16781,1432,2897,1179,1179,1179,1393,1179,1179,1458,1179,1179,1179,1179,1976,1179,1179,1806,1307,1819,1179,3732
91497,55164,1691,9967,1064,3888,1985,2344,1149,1838,1419,4282,1215,4981,16391,1439,2029,1179,1179,1736,1365,1179,1179,1343,1179,1179,1179,1813,1908,1179,1179,1179,1179,1775,1179,3733
84624,99469,1575,27980,2320,4737,1866,8199,1136,2018,1859,9718,1427,9233,25293,1444,3842,1179,1179,1179,1408,1179,1179,1305,1179,1179,1179,1179,1179,1179,1179,1179,1179,1179,1180,3734
82306,55903,1506,10115,1764,2597,1733,3301,1061,1564,1414,5157,1388,3957,6919,1353,2476,1179,1179,1541,1260,1556,1179,1287,1179,1631,1179,1543,1179,1179,1179,1179,1179,1562,1179,3735
76898,47047,1323,3869,2006,2175,1431,2152,1920,2370,1506,5078,1291,4144,10252,1314,1540,1786,1179,1179,1322,1558,1179,1308,1179,1538,1179,1179,1628,1179,1179,1179,1179,1571,1180,3736
99294,74488,1891,10178,2300,5478,1831,3957,2233,2302,1716,7973,2047,7735,4923,1422,3413,1179,1179,1179,1304,1179,1179,1274,1179,1179,1179,1179,1179,1179,1820,1196,1288,1548,1180,3737
88743,66982,1328,2814,3201,8138,1318,1576,1099,3851,1468,14760,1361,13067,9138,1424,4456,1179,1762,1179,1179,1179,1179,1179,1179,1179,1179,1179,2003,1179,1179,1179,1974,1862,1179,3738
84691,59499,1454,23591,2876,5120,2304,3778,1334,1992,1376,8044,1675,7536,23394,1474,2370,1179,1179,1580,1282,1179,1179,1281,1179,1179,1179,1179,1235,1736,1179,1690,1179,1586,1180,3739
90940,63944,1444,12438,1566,4233,2262,2559,1094,2394,1452,8524,1267,5929,8375,1430,2830,1179,1179,1179,1550,1179,1179,1543,1179,1179,1179,1179,2362,1179,1179,1179,1179,2152,1179,3740
92249,56590,3178,3246,3024,9093,1668,1188,1812,1737,1488,12372,4940,10351,4526,1328,2238,1179,1179,1179,1179,1179,1179,1179,1179,1179,1179,1179,1179,1179,1179,1206,1180,1721,1179,3741
101269,57839,1456,14982,2920,4340,1895,2924,1779,2366,1802,10580,1615,6507,9297,1419,3115,1987,1179,1689,1339,1179,1179,1342,1179,1179,1179,1179,1179,1179,1179,1179,1179,1721,1180,3742
72005,52165,2856,6603,1377,5285,1335,1422,1232,1481,1482,8716,2664,7388,4636,1359,1705,1179,1179,1179,1179,1179,1179,1179,1459,1179,1179,1179,1179,1179,1179,1180,1182,1528,1179,3743
88181,64247,1385,15962,1900,3834,2394,2381,1469,2275,1601,6078,1516,7785,23027,1401,3517,1179,1179,1179,1452,1179,1179,1537,1179,1179,1179,1179,1179,1179,1179,1869,1179,1878,1179,3744
82251,38237,1290,1184,4674,5501,1276,1891,2924,1558,1326,9364,1282,7008,3347,1250,1701,1994,1179,1179,1179,1179,1179,1179,1179,1179,1179,1179,1180,1180,1179,1179,1179,1180,1179,3745
86772,47956,1432,17705,2651,7532,2916,2770,1584,2387,1490,11061,1817,13078,7826,1431,4055,1179,1179,1179,1267,1179,1179,1273,1179,1179,1179,1179,1179,1179,1179,1179,1179,1179,1179,3746
78878,47605,1618,7677,2993,4059,1829,2600,807,1856,1500,6258,2563,7493,11521,1399,3039,1179,1179,1179,1373,1179,1179,1308,1179,1179,1179,1179,1179,1179,1179,1206,1179,1595,1179,3747
82618,52199,1724,16851,1411,3517,1913,1929,1425,2723,1580,8687,1339,4568,7970,1394,3287,1179,1263,1179,1394,1179,1179,1179,1179,1179,1179,1179,1812,1179,1179,1775,1181,1731,1179,3748
91116,50076,2256,7366,1403,3522,1692,1014,1180,1394,1501,6304,2131,4619,7504,1331,3314,1179,1832,1179,1179,1179,1179,1381,1179,1179,1179,1179,1179,1179,1179,1179,1898,1846,1179,3749
85897,62646,1924,5002,1068,5720,2481,2821,1602,2322,1534,8410,1393,7533,6493,1359,2405,1179,1179,1787,1417,1179,1179,1179,1179,1179,1179,1179,1900,1373,1179,1179,1180,1772,1180,3750
81460,64058,3056,9964,2331,5455,1533,2341,1511,1692,1417,8860,1266,7402,7254,1356,2339,1179,1179,1697,1367,1179,1179,1299,1179,1179,1179,1179,1762,1179,1179,1179,1179,1651,1180,3751
97898,67939,1724,3079,1531,4224,2331,2567,1073,2176,1507,13548,1695,6686,5461,1377,2540,1179,1179,1179,1203,1179,1179,1179,1179,1179,1179,1179,1179,1179,1179,1179,1183,2022,1179,3752
92549,57094,1442,19560,3000,4128,1852,2171,1380,1792,1416,9560,1253,6277,6969,1466,2310,1179,1179,1180,1179,1179,1179,1405,1179,1179,1179,1179,1972,1179,1179,1180,1179,1789,1179,3753
91348,51746,10627,9346,2113,7664,1092,1151,1371,1370,1326,11655,2127,8858,7431,1388,4837,1179,1438,1179,1179,1179,1179,1179,1179,1179,1179,1179,1179,1179,1179,1639,1744,1525,1179,3754
88000,68663,1531,15860,3278,2766,1651,3131,1370,2060,1602,9446,1549,4758,5929,1403,3369,1179,1179,1179,1319,1179,1179,1303,1179,1179,1179,1179,1179,1179,1179,1623,1462,1555,1180,3755
91971,53407,1491,7487,2158,6322,1710,2081,1587,2498,1662,7959,1570,8266,9649,1368,2599,1179,1179,1833,1461,1179,1179,1463,1179,1179,1179,1179,1927,1179,1179,1729,1180,1911,1179,3756
90745,48858,1808,20062,2194,3387,2098,2011,1655,2220,1553,5080,1514,4644,22402,1395,4354,1179,1179,1179,1378,1179,1179,1366,1179,1179,1179,1179,1943,1180,1179,1763,1179,1800,1180,3757
100940,68853,1337,2801,2408,10883,1238,1603,1699,3137,1320,16918,942,14407,8152,1327,2489,1179,1522,1179,1179,1179,1179,1179,1179,1179,1179,1179,1179,1179,1179,1651,1179,1481,1179,3758
93886,48997,1316,3436,1578,7234,1161,2095,805,3752,1289,11970,1258,10920,11474,1363,1803,1179,1179,1179,1179,1179,1179,1179,1179,1179,1179,1179,1179,1179,1179,1179,1179,1632,1179,3759
77840,68343,1590,14211,1589,3625,1570,5177,1620,2397,1508,7217,1598,6351,7299,1408,2515,1179,1179,1179,1342,1179,1179,1282,1179,1179,1179,1492,1179,1785,1179,1179,1179,1525,1180,3760
82806,47647,1718,2803,1751,9047,1294,1251,1347,1478,1396,8801,1858,10031,4181,1229,1231,1179,1179,1179,1187,1179,1179,1179,1179,1179,1179,1179,1180,1179,1179,1197,1179,1186,1179,3761
76468,58286,1826,6131,1800,5934,1843,2050,1028,1834,1372,8155,2428,7911,4931,1339,4373,1179,1179,1179,1374,1179,1179,1179,1179,1179,1179,1179,1179,1668,1179,1179,1179,1519,1179,3762
95557,50330,3118,2326,3116,10974,4989,1994,2984,1844,1515,11625,1764,14017,13493,1380,3449,1179,1179,1179,1179,1179,1179,1179,1179,1179,1179,1179,1179,2061,1179,1185,2288,1179,1179,3763
91870,39768,1377,3096,4198,7266,1466,3158,1924,2908,1516,9072,1342,10588,6018,1304,2144,1947,1179,1179,1179,1179,1179,1179,1179,1179,1179,1179,1179,1179,1179,1179,1179,1722,1179,3764
94318,53801,1731,6675,1651,5417,2996,1982,1319,1371,1429,8339,1517,6477,8357,1371,3902,1179,1179,1179,1314,1179,1179,1266,1179,1179,1179,1179,1179,1179,1181,1661,1179,1453,1179,3765
83897,95763,1628,16685,2323,8082,1727,3646,1739,2729,1630,10148,1628,11419,10792,1489,2609,1179,1179,1474,1310,1179,1179,1274,1179,1179,1179,1179,1181,1179,1788,1215,1179,1555,1180,3766
96004,77047,1333,3058,2885,4702,1364,1237,1168,4880,1527,12784,1379,5895,9157,1386,3751,1179,1179,1180,1179,1179,1179,1179,1179,1179,1179,1179,2024,1179,2009,1180,1179,1769,1179,3767
84239,69064,4545,11342,1939,6060,1504,2259,1324,1483,1444,10251,1470,7589,6858,1371,1979,1179,1179,1179,1373,1179,1179,1282,1179,1179,1179,1179,1729,1179,1813,1179,1179,1578,1180,3768
90105,71376,1436,16459,1291,3853,1485,3037,1358,2872,1557,6091,1405,6276,8105,1421,1957,1179,1179,1611,1455,1179,1179,1328,1179,1179,1179,1750,1977,1180,1179,1179,1179,1651,1180,3769
88447,67712,1446,15642,3766,3499,1506,2345,1276,2503,1565,9766,1519,6305,16945,1412,2348,1179,1179,1179,1333,1179,1179,1277,1179,1179,1179,1179,1179,1180,1179,1769,1179,1565,1180,3770
85772,49415,1657,7565,1715,2191,2593,1907,1811,2075,1335,7193,1242,5997,18394,1385,2600,1180,1179,1179,1398,1179,1179,1179,1179,1179,1179,1179,1687,1763,1179,1179,1756,1179,1179,3771
76762,49113,1654,3207,2864,8586,2437,1421,1276,1520,1371,11065,1732,11006,9586,1342,1464,1179,1179,1179,1407,1179,1179,1179,1179,1179,1179,1179,1205,1199,1180,1179,1179,1566,1179,3772
86831,45787,1742,9941,1491,4251,2368,2338,1308,1856,1639,4213,1616,4649,8768,1352,2445,1179,1179,1179,1385,1179,1179,1338,1179,1179,1179,1179,1179,1209,1180,1179,1179,1545,1179,3773
97520,52923,1399,6450,1312,4009,1998,5214,1596,2832,1434,9410,1522,5291,8644,1399,2094,1179,1179,1179,1281,1179,1179,1249,1179,1179,1179,1419,1288,1179,1777,1179,1189,1468,1179,3774
84840,53271,3253,3219,1121,13533,1294,1870,921,1936,1538,11246,1600,14712,3244,1308,2984,1179,1179,1179,1179,1179,1179,1179,1179,1179,1179,1179,4651,1180,1179,2542,1179,1180,1179,3775
88080,91582,1618,26458,757,3440,1736,3410,1513,2810,1587,9274,1424,7082,7164,1332,2386,1180,1179,1179,1374,1179,1179,1299,1179,1179,1179,1179,1816,1220,1179,1690,1179,1564,1179,3776
87465,44050,1345,3468,1269,5963,2103,2118,2141,1575,1513,10257,1870,7268,6063,1308,3126,1179,1179,1179,1179,1179,1179,1179,1179,1179,1179,1179,1703,1179,1767,1628,1180,1500,1179,3777
83514,42258,1410,11140,2797,3348,1622,1641,1229,1543,1395,7553,1985,4588,12238,1415,3141,1179,1179,1179,1179,1179,1179,1179,1179,1179,1179,1179,1179,1179,1191,1839,1180,1626,1179,3778
85533,52793,1307,4727,1683,13336,1983,1655,1084,1846,1427,13073,1659,15746,3855,1396,3026,1179,1179,1179,1179,1179,1179,1179,1179,1179,1179,1483,1908,1179,1180,1179,1267,1733,1180,3779
95907,39348,11541,2999,3244,3644,1071,1243,2466,1306,1296,5227,1817,4252,5343,1334,2171,1179,1626,1179,1179,1179,1179,1179,1179,1179,1179,1179,2111,1473,1835,2051,1179,1179,1179,3780
92072,50069,1433,3351,1463,9181,1591,1719,2008,1599,1543,13598,1707,11496,17815,1411,3086,1179,1179,1179,1179,1179,1179,1281,1179,1179,1179,1179,1179,1179,1179,1576,1179,1505,1179,3781
96828,82818,2126,22657,1730,5332,1794,2075,748,2703,1621,8728,1449,8001,6819,1381,2793,1179,1179,1244,1328,1179,1179,1282,1179,1179,1179,1179,1825,1825,1180,1179,1192,1646,1180,3782
89894,63275,1832,20983,1600,8143,2090,5062,1449,2547,1529,9034,1576,9648,10851,1410,2835,1179,1179,1410,1309,1179,1179,1283,1179,1179,1179,1179,1483,1180,1179,1179,1241,1510,1180,3783
87678,62266,3715,9330,1750,3783,1627,2328,1205,1669,1387,5619,1246,7185,9004,1364,1693,1179,1179,1179,1179,1179,1179,1179,1179,1179,1179,1353,1491,1179,1726,1179,1654,1486,1180,3784
91421,56886,1604,4615,2413,8129,1151,1094,1378,2127,1358,11951,1444,13732,7932,1387,2175,1179,1179,1179,1179,1179,1179,1179,1179,1179,1179,1179,1836,1750,1179,1179,1475,1585,1179,3785
90542,47383,1365,11365,1525,4235,1469,3043,773,1769,1373,8085,994,5722,10841,1373,2834,1179,1179,1179,1352,1179,1179,1179,1179,1179,1179,1186,1811,1396,1183,1179,1453,1665,1180,3786
89777,62730,1327,3849,2332,6915,1397,2427,1924,1665,1482,9268,1412,8693,7676,1304,2890,1179,1179,1179,1179,1179,1179,1179,1179,1179,1179,1179,1179,1179,1475,1179,1180,4518,1179,3787
87234,58381,1755,15480,993,2997,1768,2897,1137,1939,1621,6725,1810,4651,6967,1394,2213,1245,1179,1179,1294,1179,1179,1207,1179,1179,1179,1179,1682,1179,1687,1509,1179,1484,1179,3788
90077,61609,1709,14468,2319,4022,1761,2614,1823,2099,1487,6702,1576,5337,8118,1373,3094,1179,1187,1179,1179,1179,1179,1249,1179,1179,1179,1179,1602,1463,1179,1687,1333,1493,1180,3789
93338,54790,1414,14876,990,3456,1783,2865,1248,2473,1385,8607,1176,4767,11260,1417,3822,1179,1179,1179,1300,1179,1179,1243,1179,1179,1179,1179,1685,1179,1715,1680,1193,1501,1179,3790
83558,67229,1612,17294,3141,3141,2570,2471,2081,2163,1594,5821,1532,5117,5783,1312,1719,1179,1179,1179,1339,1179,1179,1313,1179,1179,1179,1179,1179,1751,1179,1700,1575,1522,1179,3791
90080,56214,1452,3525,2507,5095,1461,1731,1553,1339,1457,9669,1603,10467,9218,1365,3951,1179,1179,1179,1179,1179,1179,1179,1179,1179,1179,1179,2018,1179,1181,1180,1880,1181,1179,3792
89798,72234,1588,20819,1377,3943,1803,3839,1634,2265,1521,9259,1409,6980,11411,1465,2627,1179,1179,1179,1179,1179,1179,1292,1179,1179,1179,1179,1180,1233,1179,1673,1542,1476,1180,3793
92002,54534,1316,17270,2400,3790,1776,2909,1320,2250,1468,9735,1646,6204,8378,1414,12078,1179,1179,1179,1350,1179,1179,1267,1179,1179,1179,1179,1713,1179,1625,1732,1179,1570,1180,3794
83149,72563,1607,9884,1927,5065,1911,3847,1530,2346,1621,8093,1677,7080,9145,1338,3078,1179,1611,1179,1383,1179,1179,1289,1179,1179,1179,1179,1184,1179,1768,1255,1179,1564,1180,3795
88078,64340,1512,9390,1734,3233,1746,3889,1218,2130,1559,9097,1643,5912,7073,1330,2976,1179,1179,1179,1179,1179,1179,1289,1179,1179,1179,1179,1798,1651,1231,1718,1257,1582,1179,3796
90154,44810,3067,12388,1583,3174,1872,1989,1055,1440,1380,3826,1319,3532,8023,1430,2724,1179,1179,1179,1363,1179,1179,1310,1179,1179,1179,1179,1179,1190,1179,1763,1179,1559,1179,3797
84799,54419,4140,8794,1217,3660,1820,2381,1158,1439,1526,7426,1358,5411,7077,1356,2865,1179,1179,1180,1307,1179,1179,1179,1179,1179,1179,1519,1750,1179,1799,1179,1180,1586,1180,3798
91574,56159,2167,11795,1445,3929,2360,3035,1452,1495,1501,5209,1340,5784,6756,1307,3152,1179,2919,1179,1183,1179,1179,1179,1179,1179,1179,1179,1179,1179,1180,2021,1179,3453,1180,3799
83590,51203,2584,3051,2303,7470,1398,1763,1587,1964,1590,10068,2073,10793,4370,1322,2747,1179,1179,1179,1179,1478,1179,1179,1179,1179,1179,1179,1179,1179,1179,1179,1191,1529,1179,3800
76866,63234,1528,2240,5532,3998,1225,1765,2667,1594,1540,9021,1366,7991,24433,1386,2625,1179,1214,1179,1179,1524,1179,1179,1179,1179,1179,1179,1179,1179,1179,1179,1179,1530,1179,3801
82241,57556,1339,7511,1292,6093,1380,2023,1217,1619,1247,8400,1112,8910,8467,1523,2619,1179,1179,1179,1361,1653,1179,1280,1179,1179,1179,1199,1179,1179,1179,1180,1179,1608,1180,3802
90734,52995,1595,29741,1537,5200,1926,1804,1267,1965,1460,8039,1622,7207,5241,1308,1615,1179,1179,1186,1472,1180,1179,1385,1179,1179,1179,1179,2046,2030,1179,1179,1179,1819,1180,3803
88206,34800,3072,11204,2013,7332,1401,1101,1614,1435,1421,7226,2508,9903,7346,1309,1930,1179,1179,1179,1180,1179,1179,1298,1179,1179,1179,1179,1179,1179,1179,1833,1179,1618,1179,3804
90138,49468,5779,2044,5667,5698,1234,1986,2913,1379,1353,6749,1297,6108,9150,1446,3090,1179,1179,1179,1179,1179,1179,1179,1179,1179,1179,1179,1977,1805,1179,1682,1179,1179,1179,3805
81539,57819,1325,14120,2378,2597,1602,2005,1121,2176,1323,6032,1092,4833,5939,1315,2699,1179,1179,1179,1318,1179,1179,1274,1179,1179,1179,1179,1179,1488,1179,1179,1179,1533,1179,3806
80605,49882,3411,4696,1333,4002,1565,2908,1036,1373,1354,6476,1162,4893,8209,1347,1962,1179,1179,1389,1260,1179,1179,1248,1179,1179,1179,1179,1587,1179,1421,1179,1179,1417,1180,3807
87048,52796,1330,4448,1274,5686,1468,3011,1006,2490,1353,12516,1198,7576,3995,1320,2023,1179,1179,1179,1179,1179,1179,1179,1179,1179,1179,1179,1617,1179,1179,1179,1703,1376,1180,3808
77014,56113,1284,1284,16391,8849,1353,4951,3949,4292,1519,11703,2690,10762,4925,1304,1076,1589,1179,1179,1179,1179,1179,1179,1179,1179,1179,1179,1179,1179,1180,1515,1179,1179,1179,3809
92502,52778,2413,9101,1594,5501,2248,2192,1524,1617,1397,7084,1316,9082,4618,1403,2052,1179,1179,1179,1244,1179,1179,1179,1179,1179,1179,1406,1586,1179,1653,1179,1327,1447,1180,3810
91711,62933,1676,3689,3672,7417,1567,1620,1444,1511,1605,15345,1987,13872,5525,1394,1881,1179,3995,1196,1179,1179,1179,1179,1179,1179,1203,1179,1186,1179,1211,1179,1179,1180,1179,3811
89412,60733,4463,14130,1406,4851,1674,2248,1591,1814,1577,7260,1390,6681,10034,1352,2001,1666,1179,1179,1322,1179,1179,1270,1179,1179,1179,1179,1179,1179,1179,1682,1179,1569,1180,3812
90031,57655,2489,17208,1687,4359,1669,2405,1218,2070,1522,6999,1890,4988,10014,1398,3544,1179,1179,1180,1179,1179,1179,1240,1179,1179,1179,1179,1179,1470,1279,1539,1182,1423,1179,3813
99563,90785,1811,23013,2027,5840,2441,2573,1568,2761,1631,8475,1860,8684,6384,1397,3292,1179,1578,1498,1346,1179,1179,1303,1179,1179,1179,1179,1848,1180,1179,1179,1179,1574,1180,3814
90650,58881,1955,10885,1772,3342,2235,1681,1324,2241,1450,9073,1356,5778,6777,1371,3554,1179,1179,1458,1377,1179,1179,1326,1179,1179,1179,1179,1730,1181,1179,1651,1208,1520,1180,3815
76479,44192,11180,3144,4361,4327,1631,1274,1123,1728,1336,7474,2279,6404,6338,1391,1640,1179,1179,1179,1179,1179,1180,1179,1179,1179,1179,1179,1537,1179,1584,1179,1353,1418,1179,3816
89573,57882,1458,7768,1743,4016,1723,2161,1255,2908,1648,9500,1629,6528,5966,1299,3229,1179,1179,1179,1179,1179,1179,1179,1179,1179,1179,1179,1180,1179,1552,1498,1611,1388,1180,3817
86193,66133,2482,22144,2782,5026,2009,2987,1291,2563,1701,10587,1980,8493,11640,1525,2968,1179,1179,1179,1205,1179,1179,1253,1179,1179,1179,1179,1719,1179,1180,1179,1179,1549,1179,3818
88797,77998,1652,17046,2640,4422,2137,2961,1333,2285,1707,8900,1672,7581,7886,1314,3457,1179,1179,1179,1296,1179,1179,1276,1179,1179,1179,1179,1633,1179,1179,1643,1236,1460,1180,3819
91439,65409,1594,27530,1819,5656,1966,2960,1480,1948,1484,7760,1674,7739,8183,1315,2042,1179,1431,1425,1289,1179,1179,1284,1179,1179,1179,1179,1677,1264,1179,1180,1631,1398,1179,3820
92461,68187,1442,3563,1546,8109,1517,1179,968,4802,1487,17309,1817,10461,3795,1447,3379,1228,1179,1179,1208,1179,1179,1179,1179,1179,1179,1179,1179,1179,1180,1179,1672,1179,1179,3821
88890,55111,1972,2978,2517,10072,2680,1338,1726,1383,1322,10189,1455,15249,6109,1300,1933,1179,1179,1179,1179,1179,1179,1179,1179,1179,1179,1179,1868,1179,1179,1179,1179,1522,1179,3822
82748,51206,1355,3394,2319,7385,1340,1796,915,2318,1538,12002,1483,14163,15280,1414,3406,1179,1179,1179,1179,1179,1179,1179,1179,1179,1179,1179,1184,1179,1179,1179,1179,3807,1179,3823
83556,50828,1645,14583,1335,3896,1724,1852,1148,2187,1345,4922,1266,6420,4128,1393,3099,1179,1179,1179,1441,1179,1179,1363,1179,1179,1179,1179,2045,1179,1179,1179,1179,1689,1180,3824
94529,74788,680,737,1447,4860,977,64379,30211,710,1337,12630,4143,17403,8538,1156,254340,1179,1179,1179,1179,1179,1179,1179,1179,1179,1179,1179,2029,1179,1179,1179,1184,1670,1179,3825
79000,68899,1707,14955,2493,3237,2901,19837,1365,1803,1559,9540,1903,5409,4919,1412,2130,1179,1179,1274,1317,1179,1179,1268,1179,1179,1179,1516,1179,1179,1179,1179,1179,1542,1179,3826
86212,54341,1574,14511,2099,2197,1795,2648,1095,2125,1487,5427,1414,3000,6083,1438,1917,1179,1179,1179,1403,1179,1179,1404,1179,1179,1179,1179,1179,1179,1179,1179,1179,1630,1179,3827
85771,73487,1679,10124,2044,3383,2904,1590,1322,1708,1457,8352,1468,6439,27870,1472,2562,1179,1179,1179,1313,1179,1179,1285,1179,1179,1179,1179,1643,1179,1179,1659,1180,1508,1179,3828
77886,72211,1521,18415,2130,9901,2305,3076,1490,2433,1706,9530,2051,14988,3485,1360,3632,1179,1179,1179,1420,1179,1179,1349,1179,1179,1179,1179,1771,1179,1802,1179,1179,1536,1179,3829
85538,49559,7570,4222,3332,10468,1288,1093,1681,1873,1505,10723,4342,12015,3714,1303,2220,1179,1179,1179,1179,1179,1179,1180,1179,1179,1179,1179,1181,1179,1179,1179,1179,1179,1179,3830
104329,70255,1497,1987,3179,6425,1260,1569,2968,3628,1474,12868,1381,11649,6191,1442,2053,1179,1190,1179,1179,1373,1179,1179,1179,1179,1179,1179,1179,1179,1179,1463,1456,1368,1179,3831
86612,54830,1474,18136,1557,3306,1809,2154,1012,2449,1636,5661,1316,4970,6582,1284,2188,1179,1179,1359,1275,1460,1179,1263,1179,1179,1179,1179,1382,1179,1179,1562,1179,1423,1179,3832
88870,49023,1391,17692,1578,2272,1829,2662,1744,1904,1456,4469,1468,2780,7613,1364,1824,1179,1179,1179,1335,1179,1179,1289,1179,1179,1179,1179,1179,1179,1179,1648,1179,1425,1179,3833
91972,58204,1437,10479,2187,3553,1529,2426,1469,1998,1397,9637,1564,6631,14565,1362,1253,1179,1179,1179,1293,1179,1179,1243,1179,1179,1179,1179,1674,1179,1650,1179,1179,1495,1180,3834
81606,45801,10370,3975,2855,6403,1454,1406,2464,1618,1496,7148,3275,6971,11268,1317,2937,1179,1179,1179,1179,1179,1179,1185,1179,1179,1179,1179,1179,1179,1179,3130,1188,2679,1179,3835
82072,50473,2340,6475,1806,5420,1895,1929,1321,1532,1522,8016,1337,6727,6111,1306,2966,1179,1179,1179,1272,1179,1179,1179,1179,1179,1179,1464,1678,1179,1179,1179,1179,1493,1180,3836
90800,64951,3730,10391,1412,3712,1851,4168,1257,1475,1740,6034,1296,4960,5947,1340,1645,1179,1179,1357,1253,1179,1179,1245,1179,1179,1179,1179,1666,1179,1179,1179,1425,1449,1180,3837
81647,39002,3978,4989,3124,14939,1336,582,1200,1479,1410,13178,2717,15339,3366,1352,4024,1179,1179,1179,1179,1179,1179,1179,1179,1179,1179,1179,1181,1179,1179,1237,1179,1180,1179,3838
85197,45144,1427,30692,1029,3095,1966,2450,1214,2125,1615,5448,1533,4960,8162,1309,3331,1179,1179,1435,1363,1179,1179,1311,1179,1179,1179,1557,1181,1815,1179,1179,1179,1587,1179,3839
95810,48171,2398,22783,2299,3127,2222,3813,1476,2484,1616,7241,1626,4378,17708,1388,3420,1179,1179,1179,1295,1179,1179,1280,1179,1179,1179,1460,1678,1179,1179,1179,1188,1471,1180,3840
91658,57899,1936,17956,1401,3313,1760,3358,1415,2115,1516,5967,1504,4567,7468,1376,1814,1179,1179,1394,1349,1179,1180,1279,1179,1179,1179,1473,1727,1179,1727,1250,1179,1486,1179,3841
91663,61148,2727,2947,3125,7499,1405,1876,1623,1618,1679,14070,1720,10020,7208,1369,3590,1179,1383,1179,1179,1179,1179,1179,1179,1179,1179,1179,1638,1570,1179,1179,1179,1450,1179,3842
81102,43030,1645,3581,1221,2846,1423,3977,1466,2007,1374,6731,1491,4658,6019,1348,1522,1179,1179,1415,1345,1179,1179,1179,1179,1179,1179,1179,1554,1185,1179,1636,1179,1496,1180,3843
81264,55935,1519,9655,1403,2360,1664,7032,1695,2684,1442,5626,1422,4083,7681,1368,1506,1179,1179,1179,1319,1526,1179,1250,1179,1179,1179,1179,1179,1179,1179,1179,1179,1412,1179,3844
86249,43633,5522,3902,1317,15206,1346,1499,1355,1917,1483,13022,1828,17484,5070,1353,4345,1179,1179,1179,1179,1179,1179,1179,1179,1179,1179,1179,1179,1179,1179,1179,1227,1181,1179,3845
92423,64767,1726,12151,2349,2954,2482,2810,1140,2184,1504,9534,1074,5508,14198,1425,2029,1179,1179,1179,1338,1179,1179,1270,1179,1179,1179,1442,1666,1180,1179,1179,1179,1465,1180,3846
89125,48322,1618,3177,2190,5966,2441,1713,1559,1524,1446,10122,1796,8304,5136,1323,2398,1179,1179,1179,1179,1179,1179,1179,1179,1179,1179,1179,1180,1179,1179,1179,1179,1773,1179,3847
84100,54866,1285,3215,1768,4119,2719,1723,1170,1278,1314,8672,1805,7661,3799,1335,2603,1179,1179,1179,1179,1179,1179,1179,1179,1179,1179,1378,1179,1630,1179,1179,1182,1451,1179,3848
90737,69094,1661,21554,1819,3768,1489,3931,1055,2279,1472,6539,1590,5894,9328,1510,1198,1179,1179,1180,1304,1179,1179,1244,1179,1179,1179,1179,1673,1190,1179,1528,1185,1419,1180,3849
109597,87510,1308,3720,1579,5174,1796,1416,1021,4407,1490,15408,1246,8693,4339,1350,3446,1179,1180,1352,1179,1179,1179,1179,1179,1179,1179,1367,1179,1295,1179,1179,1179,1424,1179,3850
91564,80601,1540,22479,2389,4800,1898,2445,1514,3191,1793,9974,1797,6348,10943,1424,2814,1179,1179,1574,1447,1179,1179,1394,1179,1179,1179,1179,1900,1180,1179,1179,1179,1697,1180,3851
102697,64363,1941,14213,2530,6978,1445,1897,2410,1699,1512,11327,1265,10314,8860,1450,2986,1179,1429,1179,1179,1491,1179,1179,1179,1387,1179,1179,1179,1179,1179,1179,1219,1486,1179,3852
83829,63840,1336,8995,2261,2485,1462,2042,1071,1615,1366,6796,1580,4127,11575,1378,3008,1179,1179,1179,1309,1179,1179,1340,1179,1179,1179,1179,1784,1179,1179,1179,1179,1867,1180,3853
99640,68939,1517,3477,3745,6827,1196,1919,1134,4932,1410,13609,1172,9838,4779,1426,4214,1179,1902,1179,1179,1179,1179,1543,1179,1179,1179,1179,1179,1179,1198,1179,1179,1996,1179,3854
91610,62964,2214,11242,1993,11159,2382,2080,1219,1880,1454,12404,1524,15158,6461,1381,3416,1179,1179,1179,1179,1179,1179,1179,1179,1179,1179,1179,1849,1179,1179,1392,1179,1871,1179,3855
95789,44728,1791,2943,3706,7850,1379,1411,1484,2794,1481,12098,1291,10075,4141,1321,2614,1179,1179,1179,1275,1179,1179,1179,1179,1179,1179,1179,1566,1179,1179,1179,1179,1538,1179,3856
87961,53123,1833,12109,1111,2333,2476,4087,1237,1801,1412,6896,1459,3176,6151,1476,4207,1179,1179,1179,1179,1179,1179,1286,1179,1179,1179,1179,1821,1683,1179,1179,1179,2033,1180,3857
89884,57406,1304,5398,5210,2653,1213,1187,2009,2222,1402,6300,1277,4956,10207,1348,785,1915,1179,1179,1181,1179,1179,1179,1179,1179,1179,1179,2230,1179,1691,1179,1179,2599,1179,3858
87073,46617,2689,4644,1970,7998,1093,923,1183,2670,1282,12764,1312,11801,9358,1315,2071,1179,1179,1179,1179,1179,1179,1179,1179,1179,1179,1179,1662,1179,1179,1179,1654,1180,1179,3859
79155,63898,1959,17569,2034,2809,1753,2779,1605,2357,1476,8211,1583,5600,5635,1434,1480,1179,1179,1179,1227,1179,1179,1255,1179,1179,1179,1181,1493,1179,1536,1472,1533,1439,1179,3860
77887,70394,1478,24965,1246,4703,2557,2404,1187,2026,1442,6942,1756,8232,12542,1412,1959,1179,1179,1179,1256,1179,1179,1269,1179,1179,1179,1179,1179,1578,1179,1179,1282,1749,1179,3861
95708,66152,1821,20795,2174,4416,2379,2283,1494,1729,1360,8881,1239,8351,16898,1376,2384,1179,2104,1179,1421,1179,1179,1404,1179,1179,1179,1179,1179,1768,1179,1319,1179,2070,1180,3862
80145,70145,1315,20873,2128,2460,1563,3084,1363,3030,1590,7860,1640,4114,11910,1330,1621,1179,1179,1179,1289,1179,1179,1287,1179,1179,1179,1179,1179,1364,1179,1576,1200,1641,1179,3863
89394,54503,3504,4983,2634,2723,1168,1287,1523,1663,1439,9390,1647,5798,4336,1348,2041,1179,1179,1179,1195,1179,1179,1179,1179,1179,1179,1179,1180,1180,1179,1179,1179,1180,1179,3864
89767,58892,1563,5277,3078,7102,1273,1189,1965,3939,1328,12619,1434,12144,10043,1413,2837,1179,1796,1179,1179,1179,1179,1179,1179,1179,1179,1179,1179,1179,1181,1799,1179,1881,1179,3865
82700,44209,4122,5449,1530,6525,1115,1273,1315,1378,1441,7742,1944,9527,11621,1297,3051,1179,1179,1179,1218,1179,1179,1179,1179,1179,1179,1179,1179,1179,1179,1179,1179,1831,1179,3866
94665,66949,1443,30218,3008,3476,2023,6026,982,2492,1571,8010,1279,6137,16141,1480,2939,1179,1179,1179,1400,1179,1179,1425,1179,1179,1179,1179,1179,1179,1179,1270,1179,1682,1180,3867
91090,70120,1325,9704,2532,6024,1415,2698,666,1924,1335,7820,1445,9466,13131,1366,2749,1179,1179,1790,1257,1179,1179,1265,1179,1179,1179,1179,1182,1179,1180,1566,1179,1609,1180,3868
93854,75717,1595,14350,2753,3169,1575,13928,626,3030,1601,9172,1735,6646,8081,1402,3026,1179,1179,1179,1318,1179,1179,1315,1179,1179,1179,1179,1841,1180,1179,1179,1185,1954,1179,3869
91413,58506,1781,18509,1597,6274,2483,2317,1869,1468,1460,9589,1274,10563,6446,1386,3105,1179,1179,1339,1388,1179,1179,1179,1179,1179,1179,1179,3992,1179,1179,1179,1180,1211,1179,3870
97533,55167,1792,17426,1586,3355,1843,2725,1047,1884,1405,11633,1199,6784,14450,1471,2526,1179,1179,1179,1267,1179,1179,1250,1179,1179,1179,1179,1685,1179,1179,1759,1179,1804,1180,3871
88259,63392,1404,14611,1185,2208,1637,2643,1254,1743,1451,7663,1194,4010,13490,1471,1878,1179,1179,1179,1301,1179,1179,1333,1179,1179,1179,1179,1179,1179,1179,1609,1238,1648,1180,3872
96765,54728,1283,5397,5404,5899,1205,1461,1649,3173,1390,10749,1327,8744,6313,1422,1420,1179,1179,1179,1179,1179,1179,1179,1179,1179,1179,1179,1179,1673,1179,1179,1179,1825,1179,3873
76762,55911,1216,3473,2557,5342,1699,2078,1096,1547,1380,8610,1917,6532,9572,1308,3445,1179,1179,1179,1394,1179,1179,1179,1179,1179,1179,1179,1668,1179,1807,1184,1343,1857,1179,3874
84110,48031,1344,3032,3029,4254,1227,1863,1391,4440,1268,11213,1044,7177,5028,1504,1761,1813,1179,1179,1179,1179,1179,1179,1179,1179,1179,1179,1179,1179,1179,1185,1179,1740,1179,3875
79809,58364,4297,4341,2008,4162,2256,2995,912,1596,1591,7650,1320,6695,7307,1403,3591,1179,1179,1179,1252,1485,1179,1241,1179,1536,1179,1179,1179,1179,1179,1179,1179,1529,1180,3876
93817,77935,1562,23056,1959,4565,1774,2384,1813,2061,1441,9079,1395,8013,12440,1458,2416,1179,1179,1546,1241,1179,1179,1247,1179,1179,1179,1359,1551,1342,1451,1179,1205,1453,1180,3877
91842,50686,1285,5835,2221,4951,2365,1176,1305,1939,1436,8658,1399,9462,12005,1431,3462,1191,1179,1179,1179,1179,1179,1179,1179,1179,1179,1179,1179,1490,1179,1207,1432,1499,1179,3878
100786,57495,1418,1512,18001,7878,1425,5315,3811,2616,1519,13111,1903,9977,5209,1499,1655,1810,1709,1179,1179,1179,1179,1179,1179,1179,1179,1179,1179,1179,1179,1179,1179,1782,1179,3879
92052,47543,1446,10099,1106,3663,1913,1919,1023,2111,1343,6894,1336,6501,11152,1462,3549,1179,1179,1516,1179,1179,1179,1259,1179,1179,1179,1219,1179,1179,1179,1179,1327,1414,1180,3880
81866,50114,1467,18215,1252,2953,2172,1939,1613,2343,1572,7223,1731,3498,15029,1290,3014,1179,1179,1179,1254,1179,1179,1179,1179,1179,1179,1179,1601,1179,1179,1211,1399,1645,1180,3881
94203,63062,1658,17937,2358,3966,2085,13362,1904,2822,1611,7231,1766,5844,7303,1361,3067,1179,1179,1429,1179,1179,1179,1179,1179,1179,1179,1179,1179,3309,1182,1258,1179,4141,1180,3882
85019,57205,1714,7717,2190,8845,1302,1719,1801,2372,1399,12905,1270,11376,3641,1345,2729,1179,1179,1179,1179,1179,1179,1179,1179,1179,1179,1179,1179,1179,1179,1635,1179,1722,1179,3883
84868,49240,2893,4301,3134,5106,1345,1118,1724,1554,1377,11889,1396,6876,12576,1339,2648,1179,1179,1179,1179,1179,1179,1179,1179,1179,1179,1179,1179,1180,1179,1182,1179,1666,1179,3884
94576,59378,1646,18004,1604,3519,1820,3058,1545,2584,1640,5364,1762,5489,6603,1377,1493,1179,1179,1640,1231,1179,1179,1245,1179,1179,1179,1566,1578,1179,1180,1179,1180,1606,1179,3885
89987,65092,1356,20521,2118,2982,1324,2897,1003,3078,1437,6294,1371,5643,9058,1454,2777,1179,1179,1179,1179,1179,1179,1556,1179,1179,1179,1179,1930,1884,1179,1179,1179,2137,1179,3886
87170,68282,2208,12834,1295,3365,2543,2101,1127,2298,1787,10235,1970,4623,5945,1328,3291,1179,1179,1179,1245,1474,1179,1180,1179,1562,1179,1179,1447,1193,1179,1179,1498,1529,1180,3887
94800,57302,1578,19391,3169,3290,1993,2672,1164,1883,1555,8219,1738,4546,12885,1395,4250,1179,1179,1179,1179,1179,1179,1253,1179,1179,1179,1179,1663,1179,1179,1681,1179,1719,1180,3888
82416,49289,1551,4739,1247,4366,2549,2053,1385,2146,1366,7027,1482,7936,8347,1264,1689,1179,1179,1179,1335,1179,1179,1179,1179,1179,1179,1647,1577,1482,1179,1179,1403,1626,1179,3889
91477,62796,1429,25368,1749,2223,1784,3754,1552,2250,1433,4453,1668,2442,14139,1394,3751,1179,1179,1580,1273,1179,1179,1303,1179,1179,1179,1547,1501,1179,1179,1507,1179,1601,1180,3890
77829,63654,1429,875,12128,6634,1537,2335,3660,4364,1451,10119,1326,10104,3355,1297,1444,1823,1179,1179,1180,1179,1179,1179,1179,1179,1179,1179,1179,1179,1181,1179,1179,1734,1179,3891
94189,63160,1630,3433,1872,8342,1227,1444,640,1375,1428,12154,1254,13412,12383,1356,1992,1179,1861,1179,1179,1627,1179,1179,1179,1799,1179,1179,1179,1179,1179,1179,1179,1855,1179,3892
85692,52786,1606,11750,2010,4309,2183,1699,1322,1924,1415,7314,1262,6548,13636,1405,2742,1179,1179,1179,1233,1179,1179,1256,1179,1179,1179,1179,1691,1697,1179,1179,1179,2063,1180,3893
94486,66289,1381,17968,1936,2861,2076,3518,1174,2874,1519,10143,1486,4518,15414,1476,3027,1179,1179,1179,1179,1179,1179,1179,1179,1179,1179,1179,3563,1179,1179,1179,1179,4334,1180,3894
94946,53977,1411,4578,6156,6792,1364,914,1459,3208,1456,14911,1695,9565,5564,1393,3891,1179,1179,1179,1179,1179,1179,1179,1179,1179,1179,1300,1179,1179,1179,1179,1179,1864,1179,3895
95980,58597,1547,16419,1934,3267,1724,3806,1169,1883,1442,6666,1465,4394,8016,1415,3225,1179,1179,1179,1306,1179,1179,1306,1179,1179,1179,1179,1587,1179,1741,1180,1179,1701,1179,3896
83093,57582,1465,6314,1769,4920,1749,3107,1855,2114,1448,9276,1689,6950,12365,1481,2506,1179,1179,1683,1179,1179,1179,1179,1179,1179,1179,1179,1595,1253,1179,1605,1180,1727,1180,3897
78105,46632,2696,5744,1764,3629,1760,2341,1458,1410,1362,6722,1249,5613,6494,1447,1987,1179,1179,1179,1395,1179,1179,1417,1179,1179,1179,1179,1179,1179,1179,1683,1771,1877,1180,3898
89213,59690,1510,23828,1436,2744,1548,3350,1510,2746,1339,7640,1673,4810,13560,1439,1161,1179,1179,1179,1259,1179,1179,1252,1179,1179,1179,1179,1519,1179,1701,1535,1224,1642,1179,3899
90385,68819,5460,4641,692,3847,2004,2727,1006,1517,1411,8741,1217,5293,5405,1319,1575,1179,1179,1179,1194,1179,1179,1215,1179,1179,1179,1195,1182,1179,1486,1179,1179,1366,1180,3900
88954,74751,1398,990,4468,7962,2120,1220,3521,2218,1350,12836,1130,14868,10292,1349,3121,1179,1390,1179,1179,1179,1179,1179,1179,1179,1179,1179,1179,1179,1179,1419,1462,1507,1179,3901
81523,73066,1401,9883,1941,2653,1601,2481,1564,3011,1676,9043,1705,3869,28284,1382,3583,1179,1179,1556,1179,1179,1179,1322,1179,1179,1179,1179,1543,1203,1179,1477,1300,1520,1180,3902
91719,50030,2222,11619,2473,5188,2629,1817,1335,1937,1375,8254,1742,9317,5269,1331,2204,1179,1179,1179,1179,1179,1179,1286,1179,1179,1179,1179,1179,1179,1179,1417,1462,1450,1179,3903
91616,63568,1577,16085,1798,4071,1967,3949,967,2989,1561,7231,1599,5815,9694,1510,3353,1179,1179,1179,1234,1179,1179,1231,1179,1179,1179,1179,1450,1179,1180,1525,1179,1433,1180,3904
84814,58704,1508,2766,1734,6784,1189,1988,1771,3280,1289,11287,1100,9884,4469,1317,3042,1179,1179,1179,1179,1179,1179,1179,1179,1179,1179,1179,1179,1179,1179,1180,1534,1464,1179,3905
86756,56376,12947,1142,5254,4296,1177,1642,2827,1265,1319,1503,1845,5533,6614,4262,1807,1179,1179,1183,1179,1179,1179,1179,1179,1179,1179,1179,1216,1179,1179,4334,1179,1179,1179,3906
113204,75085,1358,3737,4114,5882,1339,1979,648,4553,1353,15887,1190,8154,5953,1504,2179,1179,1656,1179,1217,1179,1179,1179,1179,1179,1179,1179,1179,1308,1179,1581,1180,1690,1179,3907
82022,45156,9056,2938,1466,6019,1127,1463,1601,1428,1257,9748,2297,8426,4951,1310,2000,1179,1179,1179,1181,1179,1179,1180,1179,1179,1179,1179,1179,1179,1180,1179,1423,1179,1179,3908
95135,62924,1543,3816,2256,4951,1222,851,1304,1877,1125,9709,2259,8731,15199,1499,1691,1179,1179,1179,1179,1179,1179,1179,1179,1179,1179,1179,1179,1637,1179,1179,1179,1179,1179,3909
90090,60476,1676,21036,2583,3437,2434,2221,1621,1863,1691,9621,1749,6355,6660,1374,4949,1179,1179,1179,1295,1179,1179,1379,1179,1179,1179,1179,1609,1179,1179,1516,1585,1658,1180,3910
81425,73460,1871,16073,2414,3708,2092,3715,1650,2258,1629,9752,1553,6095,15783,1351,2707,1179,1179,1179,1293,1179,1179,1291,1179,1179,1179,1552,1543,1179,1179,1179,1244,1555,1180,3911
83589,67671,1494,2843,3106,8038,1558,3071,1106,1506,1526,11509,1108,10997,7910,1420,2874,1179,1387,1179,1179,1360,1179,1179,1179,1259,1179,1179,1179,1179,1368,1179,1179,1381,1179,3912
94782,69182,1548,31072,1191,7147,2095,3212,988,1991,1702,9924,1513,10856,6705,1372,2669,1179,1179,1179,1320,1179,1179,1295,1179,1179,1179,1458,1534,1179,1179,1179,1191,1460,1180,3913
86304,65044,1911,10550,2012,2352,1605,2309,1359,2085,1406,9643,1503,4169,7360,1422,1848,1179,1179,1179,1179,1471,1179,1326,1179,1179,1179,1179,1524,1179,1400,1182,1179,1509,1180,3914
82359,74457,1453,14886,1590,3235,2220,2713,1480,1960,1540,6426,1616,6016,3674,1347,3854,1179,1179,1179,1278,1179,1179,1313,1179,1179,1179,1179,1501,1179,1179,1426,1341,1430,1179,3915
82570,49697,5742,4663,852,8938,1415,1316,742,1468,1249,9241,1762,11651,6895,1381,2457,1179,1179,1179,1179,1179,1179,1179,1179,1179,1179,1179,1179,1419,1179,1179,1460,1300,1179,3916
90038,53406,1327,2980,1862,4188,1295,1347,2133,4655,1372,12651,1158,7302,4924,1337,2912,1179,1179,1179,1179,1179,1179,1179,1179,1179,1179,1179,1179,1179,1180,1179,1394,1399,1179,3917
75685,49635,1628,7438,1267,3219,1424,2632,1496,1883,1318,5121,1163,4139,3226,1292,923,1179,1179,1179,1188,2312,1179,1179,1179,1179,1179,1179,2367,1179,1179,1179,1179,2656,1180,3918
95239,86887,1694,16429,3003,4960,1376,5001,1410,2853,1624,10146,1812,9404,17096,1528,2572,1179,1179,1179,1241,1179,1179,1219,1179,1179,1179,1179,1773,1746,1190,1179,1179,1812,1179,3919
94549,59702,2722,14660,2049,4654,1749,2378,2017,1908,1650,7680,1562,8958,11177,1346,4016,1179,1179,1179,1256,1179,1179,1264,1179,1179,1179,1531,1503,1352,1179,1179,1236,1497,1180,3920
86749,54232,1925,19536,1577,2883,2099,1970,1651,2196,1695,8382,1766,5170,5491,1339,2886,1179,1179,1393,1212,1179,1179,1223,1179,1179,1179,1179,1179,1179,1179,1418,1401,1380,1179,3921
80578,64349,1408,10242,1598,2615,2494,2498,1951,2530,1470,10262,1426,4499,4356,1293,1592,1179,1179,1180,1301,1179,1179,1283,1179,1179,1179,1638,1506,1401,1413,1179,1251,1730,1180,3922
86119,46718,1609,3845,1189,6539,2127,2659,1316,2173,1369,7934,1536,8316,6735,1415,730,1179,1179,1179,1217,1179,1179,1232,1179,1179,1179,1365,1179,1179,1603,1180,1447,1394,1179,3923
86083,47546,2219,2760,1915,8854,1200,960,1383,1663,1432,11026,1869,11431,3721,1284,3167,1179,1179,1179,1179,1179,1179,1179,1179,1179,1179,1179,1179,1179,1179,1390,1179,1393,1179,3924
92898,76111,1623,28621,1781,3840,1872,2241,1270,2872,1626,9066,1916,6873,13215,1537,3044,1179,1179,1179,1290,1179,1179,1267,1179,1179,1179,1445,1179,1249,1179,1179,1266,1449,1180,3925
90153,43865,11077,7736,1295,7002,1482,1405,1373,1599,1431,10180,2040,8072,5750,1374,1555,1179,1179,1182,1179,1179,1179,1310,1179,1179,1179,1179,1179,1179,1179,1367,1501,1435,1179,3926
86828,59400,1288,3021,1642,6122,1338,1508,1154,3197,1554,11638,1757,7700,3461,1388,2782,1179,1494,1179,1180,1179,1179,1179,1179,1179,1179,1179,1672,1179,1179,1179,1179,1544,1179,3927
91681,64013,1633,17537,4017,2270,4223,2369,1334,2294,1415,8515,1275,3749,10586,1406,1481,1179,1179,1338,1201,1179,1179,1231,1179,1179,1179,1553,1382,1179,1874,1179,1179,1556,1180,3928
78014,42561,1283,1345,8397,5470,2174,1373,4278,2639,1428,8841,1484,7418,5216,1276,2400,1492,1179,1179,1179,1179,1179,1179,1179,1179,1179,1179,1458,1179,1179,1420,1179,1465,1179,3929
78956,44124,2488,2804,1736,5682,1531,1235,1419,1683,1426,8592,1933,9261,5380,1260,2700,1179,1179,1179,1179,1179,1179,1179,1179,1179,1179,1179,1179,1179,4318,1179,1179,1179,1179,3930
86262,44849,3363,13671,1961,2691,2141,2703,1621,1458,1359,6087,1671,4229,9268,1376,1823,1179,1179,1179,1309,1179,1179,1317,1179,1179,1179,1179,1179,1179,1179,1179,1224,1699,1179,3931
89939,57872,1280,3757,2566,9984,1423,1544,3571,2778,1402,10517,1788,11608,9908,1400,2418,1503,1179,1179,1179,1179,1179,1179,1179,1179,1179,1179,1475,1179,1179,1202,1485,1437,1179,3932
91470,61068,1842,15549,1101,3976,2448,2339,1305,1590,1390,8821,1617,7491,4788,1397,1862,1179,1179,1179,1251,1179,1179,1179,1179,1179,1179,1179,1180,1484,1179,1180,1538,1453,1180,3933
82934,69577,3756,7424,3504,6243,1861,2742,1391,1496,1478,8385,1566,8484,6276,1373,2612,1179,1179,1179,1179,1179,1179,1179,1179,1179,1179,1179,1829,1179,1179,1179,1883,1179,1180,3934
79719,66644,1842,16569,2007,3294,2067,4144,1011,2466,1525,9695,1452,4658,10519,1485,1836,1179,1179,1179,1270,1179,1179,1285,1179,1179,1179,1619,1572,1590,1179,1179,1179,1637,1180,3935
89064,55814,1628,4164,1054,10111,2869,842,1529,1407,1260,13369,1876,11677,5135,1268,1894,1179,1179,1179,1179,1179,1179,1179,1179,1179,1179,1179,1179,1179,1179,1412,1180,1645,1179,3936
78738,35695,6437,3215,2154,8538,1218,1366,1032,1459,1449,9058,2411,10909,4540,1282,3194,1179,1233,1179,1264,1179,1179,1179,1179,1179,1179,1596,1599,1179,1179,1179,1262,1179,1179,3937
82694,67568,1406,19510,485,2084,1177,2608,1105,2349,1446,5181,1467,2911,6614,1351,1643,1179,1179,1179,1323,1179,1179,1324,1179,1179,1179,1565,1604,1179,1179,1179,1180,1643,1180,3938
80549,57030,1580,5763,2868,4032,1958,2110,1475,2049,1549,10184,1293,5567,11198,1430,1945,1179,1179,1682,1335,1179,1179,1362,1179,1179,1179,1179,1588,1179,1179,1179,1179,1664,1180,3939
89767,57900,1475,2778,3105,8769,1632,1593,1204,2779,1664,13173,1909,11621,4420,1306,6235,1179,1179,1179,1179,1179,1179,1179,1179,1179,1179,1179,1526,1179,1747,1179,1179,1461,1179,3940
86857,56800,2929,21712,1659,4885,1874,2720,1566,1668,1478,5825,1506,8664,3969,1380,1392,1179,1179,1179,1263,1179,1179,1179,1179,1179,1179,1179,1495,1179,1627,1179,1179,1648,1180,3941
88116,61011,2728,2867,3060,9295,3961,1269,2012,1563,1449,7614,1677,11115,4626,1339,2558,1179,2119,1179,1179,1179,1179,1179,1179,1179,1179,1179,1182,1179,1179,1575,1186,1179,1179,3942
83050,45595,3613,13408,1951,5752,1396,1724,597,1336,1413,6353,3639,7022,3673,1282,2671,1179,1179,1504,1179,1179,1179,1179,1179,1179,1179,1179,1179,1179,1663,1181,1179,1535,1179,3943
89768,65068,1739,17581,1725,4870,2204,1833,1217,1545,1450,7746,1539,6758,4639,1425,3195,1179,1179,1179,1371,1179,1179,1179,1179,1179,1179,1179,1559,1179,1179,1242,1179,1716,1179,3944
79914,56548,1514,4217,1331,2928,1420,2527,1626,1803,1583,10862,1580,5398,8979,1342,2836,1179,1179,1179,1179,1179,1179,1179,1179,1179,1179,1179,1759,1179,1179,1179,1694,1179,1179,3945
102867,58051,1815,16235,2198,4729,2077,2544,955,1960,1540,5408,1645,6359,6917,1436,2450,1179,1179,1179,1179,1179,1179,1324,1179,1179,1179,1179,1610,1537,1179,1179,1181,1811,1179,3946
